cpu_percent,mem_percent,time_stamp
14.9,57.5,2020-10-21 17:37:53.157336
5.6,57.3,2020-10-21 17:37:54.168751
27.8,57.5,2020-10-21 17:37:55.175311
0.0,57.6,2020-10-21 17:37:56.201646
20.7,57.7,2020-10-21 17:37:57.212594
20.8,57.7,2020-10-21 17:37:58.224416
0.0,57.8,2020-10-21 17:37:59.234590
100.0,57.9,2020-10-21 17:38:00.250618
0.0,57.9,2020-10-21 17:38:01.266345
25.0,57.9,2020-10-21 17:38:02.287135
0.0,58.0,2020-10-21 17:38:03.292545
80.0,57.9,2020-10-21 17:38:04.293173
0.0,57.9,2020-10-21 17:38:05.303594
25.0,58.0,2020-10-21 17:38:06.314870
25.0,57.8,2020-10-21 17:38:07.325808
25.0,57.8,2020-10-21 17:38:08.333689
25.0,57.8,2020-10-21 17:38:09.338518
25.0,57.9,2020-10-21 17:38:10.345354
0.0,57.8,2020-10-21 17:38:11.358895
0.0,57.8,2020-10-21 17:38:12.371132
25.0,57.9,2020-10-21 17:38:13.389583
0.0,57.9,2020-10-21 17:38:14.403617
50.0,57.3,2020-10-21 17:37:54.586465
100.0,57.6,2020-10-21 17:37:55.625554
32.0,57.6,2020-10-21 17:37:56.639934
0.0,57.7,2020-10-21 17:37:57.646033
0.0,57.8,2020-10-21 17:37:58.657887
0.0,57.8,2020-10-21 17:37:59.666617
0.0,57.8,2020-10-21 17:38:00.673591
12.5,57.8,2020-10-21 17:38:01.687264
0.0,57.9,2020-10-21 17:38:02.701547
27.6,57.9,2020-10-21 17:38:03.709588
24.0,58.0,2020-10-21 17:38:04.711212
0.0,57.9,2020-10-21 17:38:05.723807
29.2,57.9,2020-10-21 17:38:06.735217
0.0,57.8,2020-10-21 17:38:07.742305
0.0,57.7,2020-10-21 17:38:08.754985
0.0,57.9,2020-10-21 17:38:09.756482
0.0,57.8,2020-10-21 17:38:10.767570
29.2,57.9,2020-10-21 17:38:11.779648
0.0,57.9,2020-10-21 17:38:12.791220
0.0,58.2,2020-10-21 17:38:13.848494
38.9,58.1,2020-10-21 17:38:14.851923
21.1,58.1,2020-10-21 17:38:15.854450
0.0,58.1,2020-10-21 17:38:16.859454
0.0,58.3,2020-10-21 17:38:17.875067
15.6,57.5,2020-10-21 17:37:52.487825
27.9,57.4,2020-10-21 17:37:53.499658
17.0,57.3,2020-10-21 17:37:54.508603
62.2,57.5,2020-10-21 17:37:55.522554
0.0,57.6,2020-10-21 17:37:56.531887
24.4,57.7,2020-10-21 17:37:57.537181
14.6,57.8,2020-10-21 17:37:58.548374
0.0,57.8,2020-10-21 17:37:59.558621
0.0,57.8,2020-10-21 17:38:00.566202
0.0,57.8,2020-10-21 17:38:01.579898
0.0,57.9,2020-10-21 17:38:02.590622
0.0,58.0,2020-10-21 17:38:03.602312
0.0,57.9,2020-10-21 17:38:04.603651
21.9,57.9,2020-10-21 17:38:05.614261
0.0,58.1,2020-10-21 17:38:06.625594
12.5,57.9,2020-10-21 17:38:07.634308
0.0,57.8,2020-10-21 17:38:08.644282
31.2,57.9,2020-10-21 17:38:09.647718
0.0,57.8,2020-10-21 17:38:10.656069
0.0,57.8,2020-10-21 17:38:11.670141
28.1,57.8,2020-10-21 17:38:12.680700
0.0,57.9,2020-10-21 17:38:13.688272
0.0,58.1,2020-10-21 17:38:14.704186
29.7,58.1,2020-10-21 17:38:15.716106
27.0,58.1,2020-10-21 17:38:16.720638
0.0,58.3,2020-10-21 17:38:17.734059
0.0,59.1,2020-10-21 17:38:18.769108
6.2,57.3,2020-10-21 17:37:53.561794
23.5,57.3,2020-10-21 17:37:54.570466
78.3,57.6,2020-10-21 17:37:55.625554
0.0,57.6,2020-10-21 17:37:56.640931
3.6,57.7,2020-10-21 17:37:57.646033
0.0,57.8,2020-10-21 17:37:58.658759
46.4,57.8,2020-10-21 17:37:59.666617
0.0,57.8,2020-10-21 17:38:00.673591
0.0,57.8,2020-10-21 17:38:01.687264
0.0,57.9,2020-10-21 17:38:02.700949
0.0,57.9,2020-10-21 17:38:03.709588
0.0,58.0,2020-10-21 17:38:04.711212
0.0,57.9,2020-10-21 17:38:05.723807
0.0,57.9,2020-10-21 17:38:06.735217
0.0,57.8,2020-10-21 17:38:07.742305
16.7,57.7,2020-10-21 17:38:08.754028
0.0,57.9,2020-10-21 17:38:09.757223
14.3,57.8,2020-10-21 17:38:10.767570
0.0,57.9,2020-10-21 17:38:11.779648
0.0,57.9,2020-10-21 17:38:12.791220
0.0,58.2,2020-10-21 17:38:13.848494
0.0,58.1,2020-10-21 17:38:14.851923
0.0,58.1,2020-10-21 17:38:15.854450
0.0,58.1,2020-10-21 17:38:16.859454
62.2,58.3,2020-10-21 17:38:17.874122
0.0,59.1,2020-10-21 17:38:18.882189
0.0,58.1,2020-10-21 17:38:19.887284
42.9,57.7,2020-10-21 17:37:56.097557
25.0,57.6,2020-10-21 17:37:57.105323
33.3,57.7,2020-10-21 17:37:58.126570
16.7,57.7,2020-10-21 17:37:59.139429
8.3,57.9,2020-10-21 17:38:00.145249
16.7,57.9,2020-10-21 17:38:01.157865
25.0,57.8,2020-10-21 17:38:02.172401
30.8,57.9,2020-10-21 17:38:03.183587
38.5,57.9,2020-10-21 17:38:04.186264
23.1,57.9,2020-10-21 17:38:05.194099
46.2,58.0,2020-10-21 17:38:06.205867
33.3,57.7,2020-10-21 17:38:07.216807
65.0,57.8,2020-10-21 17:38:08.251944
17.6,57.8,2020-10-21 17:38:09.262365
10.0,57.9,2020-10-21 17:38:10.267954
5.0,57.8,2020-10-21 17:38:11.280724
31.2,57.8,2020-10-21 17:38:12.292955
19.0,57.9,2020-10-21 17:38:13.300316
11.8,57.9,2020-10-21 17:38:14.311511
14.3,58.1,2020-10-21 17:38:15.314294
0.0,58.1,2020-10-21 17:38:16.321386
20.8,58.1,2020-10-21 17:38:17.349080
54.2,59.2,2020-10-21 17:38:18.351061
42.3,58.2,2020-10-21 17:38:19.358281
16.7,58.1,2020-10-21 17:38:20.363780
8.3,58.3,2020-10-21 17:38:21.377754
40.0,58.3,2020-10-21 17:38:22.386749
65.0,58.6,2020-10-21 17:38:23.437631
100.0,60.2,2020-10-21 17:38:24.604460
0.0,57.3,2020-10-21 17:37:54.169702
0.0,57.5,2020-10-21 17:37:55.175311
45.8,57.6,2020-10-21 17:37:56.201646
0.0,57.7,2020-10-21 17:37:57.212594
0.0,57.7,2020-10-21 17:37:58.224416
20.8,57.8,2020-10-21 17:37:59.233594
41.7,57.9,2020-10-21 17:38:00.246617
25.0,57.9,2020-10-21 17:38:01.251454
20.8,57.9,2020-10-21 17:38:02.268641
41.7,58.0,2020-10-21 17:38:03.276801
16.7,58.0,2020-10-21 17:38:04.278184
12.5,57.9,2020-10-21 17:38:05.287366
25.0,58.0,2020-10-21 17:38:06.298160
16.7,57.8,2020-10-21 17:38:07.310124
18.8,57.8,2020-10-21 17:38:08.319255
29.4,57.8,2020-10-21 17:38:09.323138
18.8,57.9,2020-10-21 17:38:10.330650
18.8,57.8,2020-10-21 17:38:11.343354
18.8,57.8,2020-10-21 17:38:12.355133
56.2,57.9,2020-10-21 17:38:13.370614
12.5,57.9,2020-10-21 17:38:14.371140
12.5,58.1,2020-10-21 17:38:15.375526
12.5,58.1,2020-10-21 17:38:16.383329
77.3,58.7,2020-10-21 17:38:17.516100
58.3,58.7,2020-10-21 17:38:18.535113
0.0,58.1,2020-10-21 17:38:19.545066
19.6,58.1,2020-10-21 17:38:20.551234
0.0,58.2,2020-10-21 17:38:21.564598
0.0,58.2,2020-10-21 17:38:22.571240
0.0,58.6,2020-10-21 17:38:23.667641
0.0,61.5,2020-10-21 17:38:24.824462
100.0,60.9,2020-10-21 17:38:25.924492
25.0,57.5,2020-10-21 17:37:55.375711
24.5,57.7,2020-10-21 17:37:56.376693
25.0,57.7,2020-10-21 17:37:57.380102
8.3,57.7,2020-10-21 17:37:58.394948
77.8,57.8,2020-10-21 17:37:59.430826
22.7,57.9,2020-10-21 17:38:00.441891
18.2,57.9,2020-10-21 17:38:01.455411
18.2,57.8,2020-10-21 17:38:02.476312
18.2,57.9,2020-10-21 17:38:03.477998
22.0,57.9,2020-10-21 17:38:04.480032
27.5,58.0,2020-10-21 17:38:05.490065
32.5,58.2,2020-10-21 17:38:06.502421
32.5,57.8,2020-10-21 17:38:07.510616
27.5,57.8,2020-10-21 17:38:08.518046
25.0,57.8,2020-10-21 17:38:09.524530
16.2,57.7,2020-10-21 17:38:10.530676
25.0,57.8,2020-10-21 17:38:11.549442
20.0,57.8,2020-10-21 17:38:12.557170
17.1,57.9,2020-10-21 17:38:13.565720
34.1,58.1,2020-10-21 17:38:14.574767
26.3,58.1,2020-10-21 17:38:15.576149
30.0,58.1,2020-10-21 17:38:16.582344
80.0,59.2,2020-10-21 17:38:17.597058
43.8,59.0,2020-10-21 17:38:18.600107
18.8,58.1,2020-10-21 17:38:19.605904
12.5,58.1,2020-10-21 17:38:20.613608
18.8,58.2,2020-10-21 17:38:21.639452
70.0,58.2,2020-10-21 17:38:22.650242
0.0,58.6,2020-10-21 17:38:23.667641
100.0,61.5,2020-10-21 17:38:24.824462
0.0,60.9,2020-10-21 17:38:25.925490
0.0,59.5,2020-10-21 17:38:26.945411
40.0,57.6,2020-10-21 17:37:56.531887
0.0,57.7,2020-10-21 17:37:57.537181
0.0,57.8,2020-10-21 17:37:58.549230
73.5,57.8,2020-10-21 17:37:59.557620
21.2,57.8,2020-10-21 17:38:00.566202
0.0,57.8,2020-10-21 17:38:01.579898
17.2,57.9,2020-10-21 17:38:02.590622
0.0,58.0,2020-10-21 17:38:03.603306
0.0,57.9,2020-10-21 17:38:04.618446
0.0,58.0,2020-10-21 17:38:05.632890
0.0,58.1,2020-10-21 17:38:06.641220
25.0,57.8,2020-10-21 17:38:07.650537
0.0,57.8,2020-10-21 17:38:08.658437
0.0,57.9,2020-10-21 17:38:09.662459
50.0,57.8,2020-10-21 17:38:10.672053
25.0,57.8,2020-10-21 17:38:11.685832
0.0,57.8,2020-10-21 17:38:12.696253
0.0,57.9,2020-10-21 17:38:13.703586
80.0,58.1,2020-10-21 17:38:14.712450
0.0,58.1,2020-10-21 17:38:15.716106
0.0,58.1,2020-10-21 17:38:16.720638
0.0,58.3,2020-10-21 17:38:17.734059
0.0,59.1,2020-10-21 17:38:18.776109
22.2,58.1,2020-10-21 17:38:19.776923
0.0,58.2,2020-10-21 17:38:20.787085
0.0,58.2,2020-10-21 17:38:21.800985
0.0,58.2,2020-10-21 17:38:22.937229
100.0,59.7,2020-10-21 17:38:24.396892
0.0,60.8,2020-10-21 17:38:25.399345
100.0,61.3,2020-10-21 17:38:26.414687
83.6,58.8,2020-10-21 17:38:27.462411
95.8,57.7,2020-10-21 17:37:55.735553
42.9,57.7,2020-10-21 17:37:56.749508
13.8,57.7,2020-10-21 17:37:57.755524
20.8,57.8,2020-10-21 17:37:58.765880
62.1,57.9,2020-10-21 17:37:59.773619
25.0,57.8,2020-10-21 17:38:00.791922
10.7,57.8,2020-10-21 17:38:01.796972
12.5,57.9,2020-10-21 17:38:02.814743
10.7,57.9,2020-10-21 17:38:03.816740
10.7,57.9,2020-10-21 17:38:04.820630
28.6,58.0,2020-10-21 17:38:05.832497
12.5,57.8,2020-10-21 17:38:06.843846
10.7,57.7,2020-10-21 17:38:07.852779
31.0,57.8,2020-10-21 17:38:08.863332
32.1,57.8,2020-10-21 17:38:09.864091
28.1,57.8,2020-10-21 17:38:10.896267
25.0,57.8,2020-10-21 17:38:11.905816
40.6,57.9,2020-10-21 17:38:12.914959
65.0,58.8,2020-10-21 17:38:13.922494
35.0,58.2,2020-10-21 17:38:14.930934
35.0,58.1,2020-10-21 17:38:15.933957
8.3,58.1,2020-10-21 17:38:16.938939
45.0,58.3,2020-10-21 17:38:17.951066
0.0,58.2,2020-10-21 17:38:19.087180
0.0,58.1,2020-10-21 17:38:20.101038
0.0,58.1,2020-10-21 17:38:21.110847
0.0,58.2,2020-10-21 17:38:22.122997
100.0,58.2,2020-10-21 17:38:23.197258
0.0,59.7,2020-10-21 17:38:24.406463
0.0,60.8,2020-10-21 17:38:25.414341
100.0,61.3,2020-10-21 17:38:26.428676
0.0,58.8,2020-10-21 17:38:27.463410
17.5,57.4,2020-10-21 17:37:52.798886
23.1,57.3,2020-10-21 17:37:53.811018
35.0,57.5,2020-10-21 17:37:54.818112
64.3,57.7,2020-10-21 17:37:55.831551
25.0,57.6,2020-10-21 17:37:56.840668
25.0,57.7,2020-10-21 17:37:57.848357
0.0,57.7,2020-10-21 17:37:58.859810
25.0,57.8,2020-10-21 17:37:59.869648
0.0,57.9,2020-10-21 17:38:00.877240
12.5,57.8,2020-10-21 17:38:01.892295
0.0,57.9,2020-10-21 17:38:02.904418
50.0,57.9,2020-10-21 17:38:03.943861
0.0,58.0,2020-10-21 17:38:04.944823
18.8,58.0,2020-10-21 17:38:05.956917
28.6,57.8,2020-10-21 17:38:06.968551
0.0,57.7,2020-10-21 17:38:07.976149
6.2,57.7,2020-10-21 17:38:08.983106
0.0,57.8,2020-10-21 17:38:09.990036
12.5,57.8,2020-10-21 17:38:11.001202
0.0,57.8,2020-10-21 17:38:12.016375
6.2,57.9,2020-10-21 17:38:13.022305
47.1,58.3,2020-10-21 17:38:14.031550
0.0,58.2,2020-10-21 17:38:15.044885
10.0,58.2,2020-10-21 17:38:16.056199
0.0,58.2,2020-10-21 17:38:17.065674
85.7,58.3,2020-10-21 17:38:18.076088
0.0,58.2,2020-10-21 17:38:19.087180
0.0,58.1,2020-10-21 17:38:20.101038
0.0,58.1,2020-10-21 17:38:21.110847
0.0,58.2,2020-10-21 17:38:22.122997
100.0,58.2,2020-10-21 17:38:23.342649
0.0,59.7,2020-10-21 17:38:24.411459
25.0,60.8,2020-10-21 17:38:25.414341
0.0,61.3,2020-10-21 17:38:26.429675
0.0,58.8,2020-10-21 17:38:27.462411
0.0,58.1,2020-10-21 17:38:28.469236
0.0,57.8,2020-10-21 17:37:59.093323
50.0,57.9,2020-10-21 17:38:00.099293
0.0,57.9,2020-10-21 17:38:01.110506
0.0,57.8,2020-10-21 17:38:02.124702
0.0,57.9,2020-10-21 17:38:03.137249
25.0,57.9,2020-10-21 17:38:04.140297
25.0,57.9,2020-10-21 17:38:05.147972
12.5,58.0,2020-10-21 17:38:06.157906
25.0,57.7,2020-10-21 17:38:07.170596
12.5,57.8,2020-10-21 17:38:08.179517
8.3,57.8,2020-10-21 17:38:09.189889
0.0,57.8,2020-10-21 17:38:10.191277
25.0,57.8,2020-10-21 17:38:11.201899
41.7,57.8,2020-10-21 17:38:12.221766
12.5,57.8,2020-10-21 17:38:13.223223
8.3,57.9,2020-10-21 17:38:14.235810
0.0,58.1,2020-10-21 17:38:15.236668
12.5,58.1,2020-10-21 17:38:16.243533
0.0,58.1,2020-10-21 17:38:17.253424
0.0,58.8,2020-10-21 17:38:18.259058
46.3,58.1,2020-10-21 17:38:19.264191
0.0,58.1,2020-10-21 17:38:20.272542
56.5,58.2,2020-10-21 17:38:21.281918
0.0,58.3,2020-10-21 17:38:22.290865
100.0,58.2,2020-10-21 17:38:23.343644
0.0,59.7,2020-10-21 17:38:24.411459
0.0,60.8,2020-10-21 17:38:25.414341
0.0,61.3,2020-10-21 17:38:26.428676
0.0,58.8,2020-10-21 17:38:27.462411
0.0,58.1,2020-10-21 17:38:28.469236
0.0,57.5,2020-10-21 17:37:54.972480
50.0,57.6,2020-10-21 17:37:55.988559
30.0,57.7,2020-10-21 17:37:56.996939
20.0,57.8,2020-10-21 17:37:58.004675
38.1,57.7,2020-10-21 17:37:59.014833
55.0,57.9,2020-10-21 17:38:00.022746
5.0,57.8,2020-10-21 17:38:01.032529
16.0,57.8,2020-10-21 17:38:02.052210
20.8,57.9,2020-10-21 17:38:03.058769
12.5,57.9,2020-10-21 17:38:04.063243
12.5,58.0,2020-10-21 17:38:05.069849
20.8,58.0,2020-10-21 17:38:06.080207
25.0,57.8,2020-10-21 17:38:07.098064
12.5,57.7,2020-10-21 17:38:08.100423
25.0,57.7,2020-10-21 17:38:09.107212
40.0,57.8,2020-10-21 17:38:10.124929
25.0,57.8,2020-10-21 17:38:11.140112
28.6,57.8,2020-10-21 17:38:12.154025
17.9,57.8,2020-10-21 17:38:13.160983
17.9,57.9,2020-10-21 17:38:14.169864
32.1,58.1,2020-10-21 17:38:15.179701
10.7,58.2,2020-10-21 17:38:16.182117
27.6,58.1,2020-10-21 17:38:17.190801
0.0,58.7,2020-10-21 17:38:18.252060
0.0,58.1,2020-10-21 17:38:19.264191
0.0,58.1,2020-10-21 17:38:20.271822
0.0,58.2,2020-10-21 17:38:21.281918
0.0,58.3,2020-10-21 17:38:22.290865
0.0,58.2,2020-10-21 17:38:23.344631
0.0,59.7,2020-10-21 17:38:24.411459
0.0,60.8,2020-10-21 17:38:25.414341
0.0,61.3,2020-10-21 17:38:26.428676
0.0,58.8,2020-10-21 17:38:27.462411
90.1,58.1,2020-10-21 17:38:28.469236
100.0,62.0,2020-10-21 17:38:29.585406
52.3,62.0,2020-10-21 17:38:30.588483
0.0,57.7,2020-10-21 17:37:57.537181
0.0,57.8,2020-10-21 17:37:58.549230
0.0,57.8,2020-10-21 17:37:59.558621
0.0,57.8,2020-10-21 17:38:00.566202
29.4,57.8,2020-10-21 17:38:01.579898
0.0,57.9,2020-10-21 17:38:02.591432
12.5,58.0,2020-10-21 17:38:03.602312
9.4,57.9,2020-10-21 17:38:04.603651
0.0,57.9,2020-10-21 17:38:05.614261
24.2,58.1,2020-10-21 17:38:06.625594
0.0,57.9,2020-10-21 17:38:07.634308
15.6,57.8,2020-10-21 17:38:08.643284
0.0,57.9,2020-10-21 17:38:09.648407
48.5,57.8,2020-10-21 17:38:10.656069
0.0,57.8,2020-10-21 17:38:11.670141
0.0,57.8,2020-10-21 17:38:12.681338
33.3,57.9,2020-10-21 17:38:13.688272
30.3,58.1,2020-10-21 17:38:14.703221
0.0,58.1,2020-10-21 17:38:15.716106
0.0,58.1,2020-10-21 17:38:16.720638
65.6,58.3,2020-10-21 17:38:17.734059
36.4,59.1,2020-10-21 17:38:18.769108
0.0,58.1,2020-10-21 17:38:19.776923
22.2,58.2,2020-10-21 17:38:20.787085
25.0,58.2,2020-10-21 17:38:21.800985
90.3,58.2,2020-10-21 17:38:22.936230
95.5,58.8,2020-10-21 17:38:24.160406
0.0,60.7,2020-10-21 17:38:25.187507
100.0,61.3,2020-10-21 17:38:26.265073
0.0,58.8,2020-10-21 17:38:27.463410
100.0,58.5,2020-10-21 17:38:28.606243
100.0,62.3,2020-10-21 17:38:29.653407
0.0,62.0,2020-10-21 17:38:30.666489
0.0,61.5,2020-10-21 17:38:31.721001
28.6,57.3,2020-10-21 17:37:53.889107
25.0,57.5,2020-10-21 17:37:54.895363
55.0,57.7,2020-10-21 17:37:55.909561
5.0,57.6,2020-10-21 17:37:56.919790
20.0,57.7,2020-10-21 17:37:57.926486
12.5,57.7,2020-10-21 17:37:58.937069
15.0,57.8,2020-10-21 17:37:59.943719
9.5,57.9,2020-10-21 17:38:00.953990
25.0,57.8,2020-10-21 17:38:01.954523
25.0,57.9,2020-10-21 17:38:02.966729
0.0,57.9,2020-10-21 17:38:03.969873
12.5,57.9,2020-10-21 17:38:04.976558
0.0,58.0,2020-10-21 17:38:05.989797
44.4,57.7,2020-10-21 17:38:07.000351
25.0,57.7,2020-10-21 17:38:08.007065
33.3,57.7,2020-10-21 17:38:09.014421
37.5,57.8,2020-10-21 17:38:10.020070
12.5,57.8,2020-10-21 17:38:11.032485
75.0,57.8,2020-10-21 17:38:12.046415
33.3,57.9,2020-10-21 17:38:13.054480
25.0,57.9,2020-10-21 17:38:14.060734
12.5,58.2,2020-10-21 17:38:15.067761
25.0,58.2,2020-10-21 17:38:16.072250
25.0,58.2,2020-10-21 17:38:17.080949
100.0,58.3,2020-10-21 17:38:18.090058
50.0,58.1,2020-10-21 17:38:19.094202
25.0,58.1,2020-10-21 17:38:20.101038
0.0,58.1,2020-10-21 17:38:21.111535
0.0,58.2,2020-10-21 17:38:22.122997
0.0,58.2,2020-10-21 17:38:23.197258
94.4,59.4,2020-10-21 17:38:24.311353
100.0,60.7,2020-10-21 17:38:25.326357
100.0,61.3,2020-10-21 17:38:26.350070
0.0,58.8,2020-10-21 17:38:27.463410
0.0,58.5,2020-10-21 17:38:28.591235
0.0,62.3,2020-10-21 17:38:29.654405
0.0,62.0,2020-10-21 17:38:30.666489
0.0,61.5,2020-10-21 17:38:31.721001
0.0,57.7,2020-10-21 17:37:58.255318
0.0,57.7,2020-10-21 17:37:59.264268
25.0,57.9,2020-10-21 17:38:00.269615
0.0,57.9,2020-10-21 17:38:01.282293
0.0,57.8,2020-10-21 17:38:02.300176
0.0,57.9,2020-10-21 17:38:03.309580
50.0,58.0,2020-10-21 17:38:04.325185
0.0,57.9,2020-10-21 17:38:05.333809
75.0,58.0,2020-10-21 17:38:06.345054
0.0,57.8,2020-10-21 17:38:07.357338
0.0,57.8,2020-10-21 17:38:08.364234
0.0,57.8,2020-10-21 17:38:09.369319
50.0,57.8,2020-10-21 17:38:10.377972
0.0,57.8,2020-10-21 17:38:11.392432
0.0,57.8,2020-10-21 17:38:12.402713
0.0,57.9,2020-10-21 17:38:13.407693
0.0,57.9,2020-10-21 17:38:14.417858
50.0,58.1,2020-10-21 17:38:15.424267
0.0,58.1,2020-10-21 17:38:16.429442
0.0,58.7,2020-10-21 17:38:17.525060
0.0,58.7,2020-10-21 17:38:18.541108
0.0,58.1,2020-10-21 17:38:19.545066
0.0,58.1,2020-10-21 17:38:20.551234
0.0,58.2,2020-10-21 17:38:21.563840
66.7,58.2,2020-10-21 17:38:22.570248
0.0,58.6,2020-10-21 17:38:23.667641
0.0,61.5,2020-10-21 17:38:24.824462
0.0,60.9,2020-10-21 17:38:25.925490
76.1,59.5,2020-10-21 17:38:26.945411
0.0,58.6,2020-10-21 17:38:28.056613
99.3,59.9,2020-10-21 17:38:29.161333
0.0,62.1,2020-10-21 17:38:30.166947
65.4,62.2,2020-10-21 17:38:31.186998
53.7,60.0,2020-10-21 17:38:32.197067
21.4,57.8,2020-10-21 17:37:58.657887
0.0,57.8,2020-10-21 17:37:59.669636
28.6,57.8,2020-10-21 17:38:00.673591
0.0,57.8,2020-10-21 17:38:01.687264
10.7,57.9,2020-10-21 17:38:02.700949
0.0,57.9,2020-10-21 17:38:03.709588
0.0,58.0,2020-10-21 17:38:04.711943
12.5,57.9,2020-10-21 17:38:05.723807
0.0,57.9,2020-10-21 17:38:06.735217
8.3,57.8,2020-10-21 17:38:07.742305
0.0,57.7,2020-10-21 17:38:08.754985
12.5,57.9,2020-10-21 17:38:09.756482
0.0,57.8,2020-10-21 17:38:10.768316
0.0,57.9,2020-10-21 17:38:11.779648
33.3,57.9,2020-10-21 17:38:12.791220
37.8,58.2,2020-10-21 17:38:13.848494
0.0,58.1,2020-10-21 17:38:14.851923
0.0,58.1,2020-10-21 17:38:15.855139
30.3,58.1,2020-10-21 17:38:16.859454
0.0,58.3,2020-10-21 17:38:17.876066
31.0,59.1,2020-10-21 17:38:18.881188
60.7,58.1,2020-10-21 17:38:19.887284
17.9,58.2,2020-10-21 17:38:20.892356
25.0,58.2,2020-10-21 17:38:21.906481
0.0,58.2,2020-10-21 17:38:22.937229
0.0,59.7,2020-10-21 17:38:24.396892
80.0,60.8,2020-10-21 17:38:25.399345
0.0,61.3,2020-10-21 17:38:26.415688
0.0,58.8,2020-10-21 17:38:27.462411
0.0,58.1,2020-10-21 17:38:28.469236
100.0,62.0,2020-10-21 17:38:29.585406
0.0,62.0,2020-10-21 17:38:30.589482
69.7,61.5,2020-10-21 17:38:31.720001
0.0,57.7,2020-10-21 17:38:32.753062
25.0,57.7,2020-10-21 17:37:56.810730
18.8,57.7,2020-10-21 17:37:57.817054
20.0,57.8,2020-10-21 17:37:58.828605
37.5,57.8,2020-10-21 17:37:59.836653
35.3,57.8,2020-10-21 17:38:00.845938
30.0,57.8,2020-10-21 17:38:01.859909
8.3,57.9,2020-10-21 17:38:02.873041
18.8,58.0,2020-10-21 17:38:03.879459
6.2,57.9,2020-10-21 17:38:04.882273
0.0,58.0,2020-10-21 17:38:05.895749
25.0,57.8,2020-10-21 17:38:06.908917
0.0,57.8,2020-10-21 17:38:07.914396
16.7,57.8,2020-10-21 17:38:08.922108
11.8,57.8,2020-10-21 17:38:09.926207
23.1,57.7,2020-10-21 17:38:10.938085
18.8,57.8,2020-10-21 17:38:11.953570
8.3,57.9,2020-10-21 17:38:12.961045
62.5,58.9,2020-10-21 17:38:13.967749
25.0,58.1,2020-10-21 17:38:14.977144
41.7,58.1,2020-10-21 17:38:15.979993
25.0,58.1,2020-10-21 17:38:16.985650
83.3,58.3,2020-10-21 17:38:17.997066
46.0,58.4,2020-10-21 17:38:19.078181
0.0,58.2,2020-10-21 17:38:20.086024
5.8,58.1,2020-10-21 17:38:21.095543
0.0,58.2,2020-10-21 17:38:22.108194
87.5,58.3,2020-10-21 17:38:23.119353
0.0,58.8,2020-10-21 17:38:24.160406
0.0,60.7,2020-10-21 17:38:25.186532
0.0,61.3,2020-10-21 17:38:26.264065
0.0,58.8,2020-10-21 17:38:27.463410
0.0,58.5,2020-10-21 17:38:28.591235
0.0,62.3,2020-10-21 17:38:29.653407
0.0,62.0,2020-10-21 17:38:30.666489
0.0,61.5,2020-10-21 17:38:31.720001
0.0,57.7,2020-10-21 17:38:32.753062
25.0,57.7,2020-10-21 17:37:59.264268
0.0,57.9,2020-10-21 17:38:00.269615
40.0,57.9,2020-10-21 17:38:01.282293
25.0,57.8,2020-10-21 17:38:02.300176
60.0,57.9,2020-10-21 17:38:03.309580
0.0,58.0,2020-10-21 17:38:04.325185
25.0,57.9,2020-10-21 17:38:05.333809
0.0,58.0,2020-10-21 17:38:06.345054
12.5,57.8,2020-10-21 17:38:07.356593
0.0,57.8,2020-10-21 17:38:08.364234
0.0,57.8,2020-10-21 17:38:09.369319
0.0,57.8,2020-10-21 17:38:10.377972
16.7,57.8,2020-10-21 17:38:11.392432
0.0,57.8,2020-10-21 17:38:12.402713
0.0,57.9,2020-10-21 17:38:13.408704
0.0,57.9,2020-10-21 17:38:14.417510
0.0,58.1,2020-10-21 17:38:15.425221
25.0,58.1,2020-10-21 17:38:16.429442
0.0,58.7,2020-10-21 17:38:17.524070
0.0,58.7,2020-10-21 17:38:18.541108
27.1,58.2,2020-10-21 17:38:19.544472
0.0,58.1,2020-10-21 17:38:20.552008
26.5,58.2,2020-10-21 17:38:21.563840
0.0,58.2,2020-10-21 17:38:22.571240
74.2,58.6,2020-10-21 17:38:23.666647
100.0,61.5,2020-10-21 17:38:24.823472
70.3,60.9,2020-10-21 17:38:25.924492
0.0,59.5,2020-10-21 17:38:26.945411
92.3,58.6,2020-10-21 17:38:28.056613
0.0,59.9,2020-10-21 17:38:29.161333
69.4,62.1,2020-10-21 17:38:30.166947
0.0,62.2,2020-10-21 17:38:31.187997
0.0,60.0,2020-10-21 17:38:32.200064
63.3,58.1,2020-10-21 17:38:33.208053
0.0,57.7,2020-10-21 17:37:57.848357
0.0,57.7,2020-10-21 17:37:58.859810
0.0,57.8,2020-10-21 17:37:59.869648
0.0,57.9,2020-10-21 17:38:00.877240
0.0,57.8,2020-10-21 17:38:01.892295
0.0,57.9,2020-10-21 17:38:02.904418
33.3,57.9,2020-10-21 17:38:03.934858
18.8,58.0,2020-10-21 17:38:04.944823
0.0,58.0,2020-10-21 17:38:05.956917
0.0,57.8,2020-10-21 17:38:06.969508
52.9,57.7,2020-10-21 17:38:07.976149
0.0,57.7,2020-10-21 17:38:08.983106
0.0,57.8,2020-10-21 17:38:09.990036
0.0,57.8,2020-10-21 17:38:11.001202
0.0,57.8,2020-10-21 17:38:12.016375
0.0,57.9,2020-10-21 17:38:13.022305
75.0,58.3,2020-10-21 17:38:14.032507
12.5,58.2,2020-10-21 17:38:15.044885
0.0,58.2,2020-10-21 17:38:16.056199
20.0,58.2,2020-10-21 17:38:17.065674
0.0,58.3,2020-10-21 17:38:18.076088
25.0,58.2,2020-10-21 17:38:19.084181
33.3,58.2,2020-10-21 17:38:20.086024
0.0,58.1,2020-10-21 17:38:21.095543
17.3,58.2,2020-10-21 17:38:22.108194
0.0,58.3,2020-10-21 17:38:23.119353
0.0,58.8,2020-10-21 17:38:24.161404
99.0,60.7,2020-10-21 17:38:25.185506
100.0,61.3,2020-10-21 17:38:26.264065
0.0,58.8,2020-10-21 17:38:27.463410
0.0,58.5,2020-10-21 17:38:28.593239
0.0,62.3,2020-10-21 17:38:29.653407
50.0,62.0,2020-10-21 17:38:30.666489
0.0,61.5,2020-10-21 17:38:31.720001
47.6,57.7,2020-10-21 17:38:32.752058
40.0,57.3,2020-10-21 17:38:33.756120
25.0,57.6,2020-10-21 17:37:57.044683
42.9,57.8,2020-10-21 17:37:58.051067
16.7,57.8,2020-10-21 17:37:59.061583
58.3,57.8,2020-10-21 17:38:00.069747
50.0,57.9,2020-10-21 17:38:01.081135
50.0,57.8,2020-10-21 17:38:02.094249
16.7,57.9,2020-10-21 17:38:03.105986
50.0,57.9,2020-10-21 17:38:04.115244
8.3,58.0,2020-10-21 17:38:05.116847
0.0,58.0,2020-10-21 17:38:06.126049
0.0,57.8,2020-10-21 17:38:07.140727
0.0,57.8,2020-10-21 17:38:08.146980
38.5,57.8,2020-10-21 17:38:09.153900
0.0,57.8,2020-10-21 17:38:10.160252
25.0,57.8,2020-10-21 17:38:11.173324
0.0,57.8,2020-10-21 17:38:12.184760
37.5,57.8,2020-10-21 17:38:13.191311
50.0,57.9,2020-10-21 17:38:14.201544
88.9,58.1,2020-10-21 17:38:15.205456
25.0,58.2,2020-10-21 17:38:16.212216
62.5,58.1,2020-10-21 17:38:17.225386
57.8,58.7,2020-10-21 17:38:18.251059
0.0,58.1,2020-10-21 17:38:19.265189
40.9,58.1,2020-10-21 17:38:20.271822
0.0,58.2,2020-10-21 17:38:21.281918
33.3,58.3,2020-10-21 17:38:22.290865
100.0,58.2,2020-10-21 17:38:23.344631
100.0,59.7,2020-10-21 17:38:24.410460
0.0,60.8,2020-10-21 17:38:25.414341
0.0,61.3,2020-10-21 17:38:26.428676
0.0,58.8,2020-10-21 17:38:27.462411
100.0,58.5,2020-10-21 17:38:28.591235
0.0,62.3,2020-10-21 17:38:29.654405
0.0,62.0,2020-10-21 17:38:30.666489
0.0,61.5,2020-10-21 17:38:31.721001
0.0,57.7,2020-10-21 17:38:32.754063
0.0,57.3,2020-10-21 17:38:33.757064
